Abington Jefferson Health,,,,
Abington Hospital,,,,
FY18 Charges by DRG,,,,
,,,,
,,,,
MSDRG,Description,Cases,Charges,Avg Charge
1,HEART TRANSPLANT OR IMPLANT OF HEART ASSIST SYSTEM W MCC,16,"9,667,202","604,200"
3,ECMO OR TRACH W MV >96 HRS OR PDX EXC FACE MOUTH  NECK W MAJ O.R.,26,"14,517,451","558,364"
4,TRACH W MV >96 HRS OR PDX EXC FACE MOUTH  NECK W/O MAJ O.R.,19,"9,691,538","510,081"
13,TRACHEOSTOMY FOR FACE MOUTH  NECK DIAGNOSES OR LARYNGECTOMY W/O CC/MCC,1,"79,819","79,819"
20,INTRACRANIAL VASCULAR PROCEDURES W PDX HEMORRHAGE W MCC,20,"5,336,111","266,806"
21,INTRACRANIAL VASCULAR PROCEDURES W PDX HEMORRHAGE W CC,6,"1,245,872","207,645"
22,INTRACRANIAL VASCULAR PROCEDURES W PDX HEMORRHAGE W/O CC/MCC,3,"579,980","193,327"
23,CRANIOTOMY W MAJOR DEVICE IMPLANT OR ACUTE COMPLEX CNS PDX W MCC OR CHEMOTHERAPY IMPLANT OR EPILEPSY W NEUROSTIMULATOR,55,"8,339,261","151,623"
24,CRANIO W MAJOR DEV IMPL/ACUTE COMPLEX CNS PDX W/O MCC,24,"3,141,381","130,891"
25,CRANIOTOMY  ENDOVASCULAR INTRACRANIAL PROCEDURES W MCC,71,"8,246,100","116,142"
26,CRANIOTOMY  ENDOVASCULAR INTRACRANIAL PROCEDURES W CC,28,"2,729,199","97,471"
27,CRANIOTOMY  ENDOVASCULAR INTRACRANIAL PROCEDURES W/O CC/MCC,32,"2,767,049","86,470"
28,SPINAL PROCEDURES W MCC,5,"395,368","79,074"
29,SPINAL PROCEDURES W CC OR SPINAL NEUROSTIMULATORS,18,"1,358,048","75,447"
30,SPINAL PROCEDURES W/O CC/MCC,4,"214,172","53,543"
31,VENTRICULAR SHUNT PROCEDURES W MCC,2,"147,994","73,997"
32,VENTRICULAR SHUNT PROCEDURES W CC,10,"584,091","58,409"
33,VENTRICULAR SHUNT PROCEDURES W/O CC/MCC,10,"425,473","42,547"
34,CAROTID ARTERY STENT PROCEDURE W MCC,2,"154,849","77,424"
35,CAROTID ARTERY STENT PROCEDURE W CC,11,"772,471","70,225"
36,CAROTID ARTERY STENT PROCEDURE W/O CC/MCC,8,"338,229","42,279"
37,EXTRACRANIAL PROCEDURES W MCC,9,"714,000","79,333"
38,EXTRACRANIAL PROCEDURES W CC,20,"1,317,541","65,877"
39,EXTRACRANIAL PROCEDURES W/O CC/MCC,22,"903,784","41,081"
40,PERIPH/CRANIAL NERVE  OTHER NERV SYST PROC W MCC,14,"2,119,204","151,372"
41,PERIPH/CRANIAL NERVE  OTHER NERV SYST PROC W CC OR PERIPH NEUROSTIM,19,"1,289,407","67,864"
42,PERIPH/CRANIAL NERVE  OTHER NERV SYST PROC W/O CC/MCC,6,"358,617","59,769"
52,SPINAL DISORDERS  INJURIES W CC/MCC,8,"384,766","48,096"
53,SPINAL DISORDERS  INJURIES W/O CC/MCC,2,"49,641","24,821"
54,NERVOUS SYSTEM NEOPLASMS W MCC,46,"2,582,457","56,140"
55,NERVOUS SYSTEM NEOPLASMS W/O MCC,9,"457,959","50,884"
56,DEGENERATIVE NERVOUS SYSTEM DISORDERS W MCC,42,"3,482,263","82,911"
57,DEGENERATIVE NERVOUS SYSTEM DISORDERS W/O MCC,192,"13,971,254","72,767"
58,MULTIPLE SCLEROSIS  CEREBELLAR ATAXIA W MCC,2,"115,381","57,691"
59,MULTIPLE SCLEROSIS  CEREBELLAR ATAXIA W CC,19,"704,727","37,091"
60,MULTIPLE SCLEROSIS  CEREBELLAR ATAXIA W/O CC/MCC,24,"837,825","34,909"
61,ISCHEMIC STROKE PRECEREBRAL OCCLUSION OR TRANSIENT ISCHEMIA W THROMBOLYTIC AGENT W MCC,20,"1,702,369","85,118"
62,ISCHEMIC STROKE PRECEREBRAL OCCLUSION OR TRANSIENT ISCHEMIA W THROMBOLYTIC AGENT W CC,37,"2,583,058","69,812"
63,ISCHEMIC STROKE PRECEREBRAL OCCLUSION OR TRANSIENT ISCHEMIA W THROMBOLYTIC AGENT W/O CC/MCC,9,"623,480","69,276"
64,INTRACRANIAL HEMORRHAGE OR CEREBRAL INFARCTION W MCC,187,"12,535,645","67,036"
65,INTRACRANIAL HEMORRHAGE OR CEREBRAL INFARCTION W CC OR TPA IN 24 HRS,267,"10,609,499","39,736"
66,INTRACRANIAL HEMORRHAGE OR CEREBRAL INFARCTION W/O CC/MCC,153,"4,925,533","32,193"
67,NONSPECIFIC CVA  PRECEREBRAL OCCLUSION W/O INFARCT W MCC,1,"74,791","74,791"
68,NONSPECIFIC CVA  PRECEREBRAL OCCLUSION W/O INFARCT W/O MCC,6,"242,909","40,485"
69,TRANSIENT ISCHEMIA W/O THROMBOLYTIC,124,"3,713,991","29,952"
70,NONSPECIFIC CEREBROVASCULAR DISORDERS W MCC,12,"955,955","79,663"
71,NONSPECIFIC CEREBROVASCULAR DISORDERS W CC,15,"643,117","42,874"
72,NONSPECIFIC CEREBROVASCULAR DISORDERS W/O CC/MCC,7,"203,557","29,080"
73,CRANIAL  PERIPHERAL NERVE DISORDERS W MCC,7,"352,676","50,382"
74,CRANIAL  PERIPHERAL NERVE DISORDERS W/O MCC,57,"2,084,671","36,573"
75,VIRAL MENINGITIS W CC/MCC,1,"58,185","58,185"
76,VIRAL MENINGITIS W/O CC/MCC,15,"306,878","20,459"
77,HYPERTENSIVE ENCEPHALOPATHY W MCC,3,"207,350","69,117"
78,HYPERTENSIVE ENCEPHALOPATHY W CC,2,"43,687","21,843"
80,NONTRAUMATIC STUPOR  COMA W MCC,1,"109,576","109,576"
82,TRAUMATIC STUPOR  COMA COMA >1 HR W MCC,20,"1,344,424","67,221"
83,TRAUMATIC STUPOR  COMA COMA >1 HR W CC,43,"1,997,878","46,462"
84,TRAUMATIC STUPOR  COMA COMA >1 HR W/O CC/MCC,33,"1,121,798","33,994"
85,TRAUMATIC STUPOR  COMA COMA <1 HR W MCC,23,"1,726,568","75,068"
86,TRAUMATIC STUPOR  COMA COMA <1 HR W CC,64,"2,677,313","41,833"
87,TRAUMATIC STUPOR  COMA COMA <1 HR W/O CC/MCC,31,"963,177","31,070"
88, CONCUSSION W MCC,1,"46,850","46,850"
89,CONCUSSION W CC,7,"275,418","39,345"
90,CONCUSSION W/O CC/MCC,8,"243,860","30,482"
91,OTHER DISORDERS OF NERVOUS SYSTEM W MCC,49,"4,170,611","85,115"
92,OTHER DISORDERS OF NERVOUS SYSTEM W CC,78,"4,375,382","56,095"
93,OTHER DISORDERS OF NERVOUS SYSTEM W/O CC/MCC,46,"1,407,318","30,594"
94,BACTERIAL  TUBERCULOUS INFECTIONS OF NERVOUS SYSTEM W MCC,8,"807,656","100,957"
95,BACTERIAL  TUBERCULOUS INFECTIONS OF NERVOUS SYSTEM W CC,12,"926,611","77,218"
96,BACTERIAL  TUBERCULOUS INFECTIONS OF NERVOUS SYSTEM W/O CC/MCC,9,"352,487","39,165"
97,NON-BACTERIAL INFECT OF NERVOUS SYS EXC VIRAL MENINGITIS W MCC,6,"477,400","79,567"
98,NON-BACTERIAL INFECT OF NERVOUS SYS EXC VIRAL MENINGITIS W CC,10,"474,695","47,470"
99,NON-BACTERIAL INFECT OF NERVOUS SYS EXC VIRAL MENINGITIS W/O CC/MCC,16,"587,836","36,740"
100,SEIZURES W MCC,42,"2,568,689","61,159"
101,SEIZURES W/O MCC,134,"3,624,769","27,051"
102,HEADACHES W MCC,6,"205,595","34,266"
103,HEADACHES W/O MCC,101,"3,363,802","33,305"
115,EXTRAOCULAR PROCEDURES EXCEPT ORBIT,1,"53,111","53,111"
122,ACUTE MAJOR EYE INFECTIONS W/O CC/MCC,1,"17,811","17,811"
123,NEUROLOGICAL EYE DISORDERS,19,"535,452","28,182"
124,OTHER DISORDERS OF THE EYE W MCC,3,"135,445","45,148"
125,OTHER DISORDERS OF THE EYE W/O MCC,27,"593,705","21,989"
131,CRANIAL/FACIAL PROCEDURES W CC/MCC,2,"199,364","99,682"
132,CRANIAL/FACIAL PROCEDURES W/O CC/MCC,9,"531,290","59,032"
133,OTHER EAR NOSE MOUTH  THROAT O.R. PROCEDURES W CC/MCC,3,"327,764","109,255"
134,OTHER EAR NOSE MOUTH  THROAT O.R. PROCEDURES W/O CC/MCC,11,"144,971","13,179"
135,SINUS  MASTOID PROCEDURES W CC/MCC,1,"33,691","33,691"
137,MOUTH PROCEDURES W CC/MCC,6,"329,816","54,969"
138,MOUTH PROCEDURES W/O CC/MCC,3,"55,322","18,441"
139,SALIVARY GLAND PROCEDURES,3,"92,936","30,979"
146,EAR NOSE MOUTH  THROAT MALIGNANCY W MCC,2,"176,554","88,277"
147,EAR NOSE MOUTH  THROAT MALIGNANCY W CC,2,"32,652","16,326"
148,EAR NOSE MOUTH  THROAT MALIGNANCY W/O CC/MCC,1,"17,497","17,497"
149,DYSEQUILIBRIUM,58,"1,396,208","24,073"
150,EPISTAXIS W MCC,3,"53,193","17,731"
151,EPISTAXIS W/O MCC,9,"251,432","27,937"
152,OTITIS MEDIA  URI W MCC,22,"609,237","27,693"
153,OTITIS MEDIA  URI W/O MCC,133,"2,326,322","17,491"
154,OTHER EAR NOSE MOUTH  THROAT DIAGNOSES W MCC,5,"247,468","49,494"
155,OTHER EAR NOSE MOUTH  THROAT DIAGNOSES W CC,20,"546,039","27,302"
156,OTHER EAR NOSE MOUTH  THROAT DIAGNOSES W/O CC/MCC,18,"325,635","18,091"
157,DENTAL  ORAL DISEASES W MCC,16,"806,753","50,422"
158,DENTAL  ORAL DISEASES W CC,22,"713,311","32,423"
159,DENTAL  ORAL DISEASES W/O CC/MCC,28,"526,181","18,792"
163,MAJOR CHEST PROCEDURES W MCC,13,"2,465,456","189,650"
164,MAJOR CHEST PROCEDURES W CC,47,"3,756,847","79,933"
165,MAJOR CHEST PROCEDURES W/O CC/MCC,33,"1,860,438","56,377"
166,OTHER RESP SYSTEM O.R. PROCEDURES W MCC,69,"7,577,376","109,817"
167,OTHER RESP SYSTEM O.R. PROCEDURES W CC,42,"2,718,096","64,717"
168,OTHER RESP SYSTEM O.R. PROCEDURES W/O CC/MCC,13,"519,487","39,961"
175,PULMONARY EMBOLISM W MCC,68,"3,350,393","49,270"
176,PULMONARY EMBOLISM W/O MCC,140,"3,626,916","25,907"
177,RESPIRATORY INFECTIONS  INFLAMMATIONS W MCC,155,"9,441,420","60,912"
178,RESPIRATORY INFECTIONS  INFLAMMATIONS W CC,79,"3,123,644","39,540"
179,RESPIRATORY INFECTIONS  INFLAMMATIONS W/O CC/MCC,27,"732,031","27,112"
180,RESPIRATORY NEOPLASMS W MCC,52,"3,974,525","76,433"
181,RESPIRATORY NEOPLASMS W CC,48,"1,989,182","41,441"
182,RESPIRATORY NEOPLASMS W/O CC/MCC,4,"150,769","37,692"
183,MAJOR CHEST TRAUMA W MCC,30,"1,513,296","50,443"
184,MAJOR CHEST TRAUMA W CC,76,"2,840,057","37,369"
185,MAJOR CHEST TRAUMA W/O CC/MCC,32,"937,258","29,289"
186,PLEURAL EFFUSION W MCC,32,"1,703,181","53,224"
187,PLEURAL EFFUSION W CC,23,"810,927","35,258"
188,PLEURAL EFFUSION W/O CC/MCC,5,"142,856","28,571"
189,PULMONARY EDEMA  RESPIRATORY FAILURE,240,"11,930,617","49,711"
190,CHRONIC OBSTRUCTIVE PULMONARY DISEASE W MCC,184,"7,092,605","38,547"
191,CHRONIC OBSTRUCTIVE PULMONARY DISEASE W CC,105,"2,928,344","27,889"
192,CHRONIC OBSTRUCTIVE PULMONARY DISEASE W/O CC/MCC,64,"1,301,100","20,330"
193,SIMPLE PNEUMONIA  PLEURISY W MCC,226,"9,744,921","43,119"
194,SIMPLE PNEUMONIA  PLEURISY W CC,302,"8,305,623","27,502"
195,SIMPLE PNEUMONIA  PLEURISY W/O CC/MCC,149,"2,742,339","18,405"
196,INTERSTITIAL LUNG DISEASE W MCC,14,"865,811","61,844"
197,INTERSTITIAL LUNG DISEASE W CC,4,"108,979","27,245"
198,INTERSTITIAL LUNG DISEASE W/O CC/MCC,3,"59,607","19,869"
199,PNEUMOTHORAX W MCC,23,"1,588,911","69,083"
200,PNEUMOTHORAX W CC,54,"2,152,591","39,863"
201,PNEUMOTHORAX W/O CC/MCC,17,"448,307","26,371"
202,BRONCHITIS  ASTHMA W CC/MCC,176,"4,760,534","27,048"
203,BRONCHITIS  ASTHMA W/O CC/MCC,182,"2,717,200","14,930"
204,RESPIRATORY SIGNS  SYMPTOMS,25,"624,136","24,965"
205,OTHER RESPIRATORY SYSTEM DIAGNOSES W MCC,23,"1,077,434","46,845"
206,OTHER RESPIRATORY SYSTEM DIAGNOSES W/O MCC,48,"1,281,147","26,691"
207,RESPIRATORY SYSTEM DIAGNOSIS W VENTILATOR SUPPORT >96 HOURS OR PERIPHERAL EXTRACORPOREAL MEMBRANE OXYGENATION (ECMO),33,"5,601,365","169,738"
208,RESPIRATORY SYSTEM DIAGNOSIS W VENTILATOR SUPPORT <=96 HOURS,87,"8,481,103","97,484"
215,OTHER HEART ASSIST SYSTEM IMPLANT,8,"1,601,380","200,172"
216,CARDIAC VALVE  OTH MAJ CARDIOTHORACIC PROC W CARD CATH W MCC,34,"9,798,987","288,205"
217,CARDIAC VALVE  OTH MAJ CARDIOTHORACIC PROC W CARD CATH W CC,7,"1,316,607","188,087"
218, CARDIAC VALVE & OTH MAJ CARDIOTHORACIC PROC W CARD CATH W/O CC/MCC,1,"131,083","131,083"
219,CARDIAC VALVE  OTH MAJ CARDIOTHORACIC PROC W/O CARD CATH W MCC,58,"15,321,149","264,158"
220,CARDIAC VALVE  OTH MAJ CARDIOTHORACIC PROC W/O CARD CATH W CC,62,"10,536,575","169,945"
221,CARDIAC VALVE  OTH MAJ CARDIOTHORACIC PROC W/O CARD CATH W/O CC/MCC,2,"229,574","114,787"
222,CARDIAC DEFIB IMPLANT W CARDIAC CATH W AMI/HF/SHOCK W MCC,9,"1,916,901","212,989"
223,CARDIAC DEFIB IMPLANT W CARDIAC CATH W AMI/HF/SHOCK W/O MCC,3,"699,944","233,315"
224,CARDIAC DEFIB IMPLANT W CARDIAC CATH W/O AMI/HF/SHOCK W MCC,7,"1,768,189","252,598"
225,CARDIAC DEFIB IMPLANT W CARDIAC CATH W/O AMI/HF/SHOCK W/O MCC,5,"607,155","121,431"
226,CARDIAC DEFIBRILLATOR IMPLANT W/O CARDIAC CATH W MCC,12,"1,974,226","164,519"
227,CARDIAC DEFIBRILLATOR IMPLANT W/O CARDIAC CATH W/O MCC,15,"2,021,951","134,797"
228,OTHER CARDIOTHORACIC PROCEDURES W MCC,9,"1,946,320","216,258"
229,OTHER CARDIOTHORACIC PROCEDURES W/O MCC,4,"578,443","144,611"
231, CORONARY BYPASS W PTCA W MCC,2,"547,960","273,980"
232, CORONARY BYPASS W PTCA W/O MCC,2,"357,571","178,785"
233,CORONARY BYPASS W CARDIAC CATH W MCC,34,"7,188,777","211,435"
234,CORONARY BYPASS W CARDIAC CATH W/O MCC,45,"6,628,862","147,308"
235,CORONARY BYPASS W/O CARDIAC CATH W MCC,18,"3,076,609","170,923"
236,CORONARY BYPASS W/O CARDIAC CATH W/O MCC,52,"6,258,988","120,365"
239,AMPUTATION FOR CIRC SYS DISORDERS EXC UPPER LIMB  TOE W MCC,17,"2,327,541","136,914"
240,AMPUTATION FOR CIRC SYS DISORDERS EXC UPPER LIMB  TOE W CC,19,"1,787,870","94,098"
241, AMPUTATION FOR CIRC SYS DISORDERS EXC UPPER LIMB & TOE W/O CC/MCC,2,"42,916","21,458"
242,PERMANENT CARDIAC PACEMAKER IMPLANT W MCC,34,"3,872,169","113,887"
243,PERMANENT CARDIAC PACEMAKER IMPLANT W CC,58,"5,956,512","102,698"
244,PERMANENT CARDIAC PACEMAKER IMPLANT W/O CC/MCC,42,"3,746,742","89,208"
245,AICD GENERATOR PROCEDURES,16,"3,615,283","225,955"
246,PERCUTANEOUS CARDIOVASCULAR PROCEDURES W DRUG-ELUTING STENT W MCC OR 4+ ARTERIES OR STENTS,70,"8,385,263","119,789"
247,PERC CARDIOVASC PROC W DRUG-ELUTING STENT W/O MCC,172,"15,061,819","87,569"
248,PERCUTANEOUS CARDIOVASCULAR PROCEDURES W NON-DRUG-ELUTING STENT W MCC OR 4+ ARTERIES OR STENTS,9,"797,889","88,654"
249,PERC CARDIOVASC PROC W NON-DRUG-ELUTING STENT W/O MCC,9,"686,985","76,332"
250,PERC CARDIOVASC PROC W/O CORONARY ARTERY STENT W MCC,6,"555,398","92,566"
251,PERC CARDIOVASC PROC W/O CORONARY ARTERY STENT W/O MCC,23,"1,576,432","68,541"
252,OTHER VASCULAR PROCEDURES W MCC,64,"6,231,732","97,371"
253,OTHER VASCULAR PROCEDURES W CC,46,"3,595,874","78,171"
254,OTHER VASCULAR PROCEDURES W/O CC/MCC,34,"1,561,075","45,914"
255,UPPER LIMB  TOE AMPUTATION FOR CIRC SYSTEM DISORDERS W MCC,4,"232,587","58,147"
256,UPPER LIMB  TOE AMPUTATION FOR CIRC SYSTEM DISORDERS W CC,9,"494,330","54,926"
258,CARDIAC PACEMAKER DEVICE REPLACEMENT W MCC,1,"88,846","88,846"
259,CARDIAC PACEMAKER DEVICE REPLACEMENT W/O MCC,2,"119,794","59,897"
260,CARDIAC PACEMAKER REVISION EXCEPT DEVICE REPLACEMENT W MCC,2,"637,609","318,805"
261,CARDIAC PACEMAKER REVISION EXCEPT DEVICE REPLACEMENT W CC,6,"577,083","96,181"
262,CARDIAC PACEMAKER REVISION EXCEPT DEVICE REPLACEMENT W/O CC/MCC,1,"52,055","52,055"
263, VEIN LIGATION & STRIPPING,1,"34,932","34,932"
264,OTHER CIRCULATORY SYSTEM O.R. PROCEDURES,25,"1,904,930","76,197"
266,ENDOVASCULAR CARDIAC VALVE REPLACEMENT W MCC,13,"3,141,309","241,639"
267,ENDOVASCULAR CARDIAC VALVE REPLACEMENT W/O MCC,60,"8,687,319","144,789"
268,AORTIC AND HEART ASSIST PROCEDURES EXCEPT PULSATION BALLOON W MCC,4,"628,609","157,152"
269,AORTIC AND HEART ASSIST PROCEDURES EXCEPT PULSATION BALLOON W/O MCC,31,"3,369,590","108,696"
270,OTHER MAJOR CARDIOVASCULAR PROCEDURES W MCC,37,"6,350,910","171,646"
271,OTHER MAJOR CARDIOVASCULAR PROCEDURES W CC,31,"3,622,996","116,871"
272,OTHER MAJOR CARDIOVASCULAR PROCEDURES W/O CC/MCC,11,"949,719","86,338"
273,PERCUTANEOUS INTRACARDIAC PROCEDURES W MCC,13,"1,451,995","111,692"
274,PERCUTANEOUS INTRACARDIAC PROCEDURES W/O MCC,44,"3,593,039","81,660"
280,ACUTE MYOCARDIAL INFARCTION DISCHARGED ALIVE W MCC,75,"3,772,006","50,293"
281,ACUTE MYOCARDIAL INFARCTION DISCHARGED ALIVE W CC,49,"1,997,465","40,765"
282,ACUTE MYOCARDIAL INFARCTION DISCHARGED ALIVE W/O CC/MCC,33,"987,867","29,935"
283,ACUTE MYOCARDIAL INFARCTION EXPIRED W MCC,9,"558,209","62,023"
284,ACUTE MYOCARDIAL INFARCTION EXPIRED W CC,1,"27,388","27,388"
286,CIRCULATORY DISORDERS EXCEPT AMI W CARD CATH W MCC,145,"12,335,000","85,069"
287,CIRCULATORY DISORDERS EXCEPT AMI W CARD CATH W/O MCC,149,"6,571,693","44,105"
288,ACUTE  SUBACUTE ENDOCARDITIS W MCC,2,"229,187","114,594"
289,ACUTE  SUBACUTE ENDOCARDITIS W CC,4,"131,324","32,831"
290,ACUTE  SUBACUTE ENDOCARDITIS W/O CC/MCC,1,"140,209","140,209"
291,HEART FAILURE  SHOCK W MCC OR PERIPHERAL EXTRACORPOREAL MEMBRANE OXYGENATION (ECMO),543,"24,070,533","44,329"
292,HEART FAILURE  SHOCK W CC,224,"7,177,447","32,042"
293,HEART FAILURE  SHOCK W/O CC/MCC,49,"1,128,053","23,021"
294,DEEP VEIN THROMBOPHLEBITIS W CC/MCC,1,"21,578","21,578"
296,CARDIAC ARREST UNEXPLAINED W MCC OR PERIPHERAL EXTRACORPOREAL MEMBRANE OXYGENATION (ECMO),9,"742,874","82,542"
298," CARDIAC ARREST, UNEXPLAINED W/O CC/MCC",1,"46,488","46,488"
299,PERIPHERAL VASCULAR DISORDERS W MCC,46,"1,729,564","37,599"
300,PERIPHERAL VASCULAR DISORDERS W CC,110,"3,446,992","31,336"
301,PERIPHERAL VASCULAR DISORDERS W/O CC/MCC,54,"1,019,435","18,878"
302,ATHEROSCLEROSIS W MCC,1,"35,085","35,085"
303,ATHEROSCLEROSIS W/O MCC,12,"275,748","22,979"
304,HYPERTENSION W MCC,25,"725,673","29,027"
305,HYPERTENSION W/O MCC,109,"2,747,759","25,209"
306,CARDIAC CONGENITAL  VALVULAR DISORDERS W MCC,7,"225,474","32,211"
307,CARDIAC CONGENITAL  VALVULAR DISORDERS W/O MCC,11,"299,869","27,261"
308,CARDIAC ARRHYTHMIA  CONDUCTION DISORDERS W MCC,144,"6,256,899","43,451"
309,CARDIAC ARRHYTHMIA  CONDUCTION DISORDERS W CC,224,"5,969,897","26,651"
310,CARDIAC ARRHYTHMIA  CONDUCTION DISORDERS W/O CC/MCC,189,"3,484,388","18,436"
311,ANGINA PECTORIS,11,"229,693","20,881"
312,SYNCOPE  COLLAPSE,189,"5,352,626","28,321"
313,CHEST PAIN,95,"2,011,568","21,174"
314,OTHER CIRCULATORY SYSTEM DIAGNOSES W MCC,107,"7,729,806","72,241"
315,OTHER CIRCULATORY SYSTEM DIAGNOSES W CC,53,"1,574,581","29,709"
316,OTHER CIRCULATORY SYSTEM DIAGNOSES W/O CC/MCC,14,"233,284","16,663"
326,STOMACH ESOPHAGEAL  DUODENAL PROC W MCC,13,"2,637,801","202,908"
327,STOMACH ESOPHAGEAL  DUODENAL PROC W CC,21,"1,628,602","77,552"
328,STOMACH ESOPHAGEAL  DUODENAL PROC W/O CC/MCC,19,"979,020","51,527"
329,MAJOR SMALL  LARGE BOWEL PROCEDURES W MCC,94,"15,457,299","164,439"
330,MAJOR SMALL  LARGE BOWEL PROCEDURES W CC,175,"11,922,302","68,127"
331,MAJOR SMALL  LARGE BOWEL PROCEDURES W/O CC/MCC,129,"5,837,840","45,255"
333,RECTAL RESECTION W CC,1,"82,221","82,221"
334,RECTAL RESECTION W/O CC/MCC,2,"163,506","81,753"
335,PERITONEAL ADHESIOLYSIS W MCC,8,"729,174","91,147"
336,PERITONEAL ADHESIOLYSIS W CC,26,"2,434,141","93,621"
337,PERITONEAL ADHESIOLYSIS W/O CC/MCC,29,"1,242,748","42,853"
338,APPENDECTOMY W COMPLICATED PRINCIPAL DIAG W MCC,2,"151,813","75,907"
339,APPENDECTOMY W COMPLICATED PRINCIPAL DIAG W CC,14,"688,048","49,146"
340,APPENDECTOMY W COMPLICATED PRINCIPAL DIAG W/O CC/MCC,30,"960,968","32,032"
341, APPENDECTOMY W/O COMPLICATED PRINCIPAL DIAG W MCC,1,"79,147","79,147"
342,APPENDECTOMY W/O COMPLICATED PRINCIPAL DIAG W CC,17,"617,680","36,334"
343,APPENDECTOMY W/O COMPLICATED PRINCIPAL DIAG W/O CC/MCC,168,"4,685,277","27,889"
344,MINOR SMALL  LARGE BOWEL PROCEDURES W MCC,2,"178,756","89,378"
345,MINOR SMALL  LARGE BOWEL PROCEDURES W CC,8,"420,865","52,608"
346,MINOR SMALL  LARGE BOWEL PROCEDURES W/O CC/MCC,6,"169,487","28,248"
348,ANAL  STOMAL PROCEDURES W CC,2,"114,001","57,001"
349,ANAL  STOMAL PROCEDURES W/O CC/MCC,4,"76,984","19,246"
350,INGUINAL  FEMORAL HERNIA PROCEDURES W MCC,2,"106,418","53,209"
351,INGUINAL  FEMORAL HERNIA PROCEDURES W CC,10,"514,935","51,494"
352,INGUINAL  FEMORAL HERNIA PROCEDURES W/O CC/MCC,9,"262,522","29,169"
353,HERNIA PROCEDURES EXCEPT INGUINAL  FEMORAL W MCC,5,"632,136","126,427"
354,HERNIA PROCEDURES EXCEPT INGUINAL  FEMORAL W CC,19,"818,618","43,085"
355,HERNIA PROCEDURES EXCEPT INGUINAL  FEMORAL W/O CC/MCC,16,"552,912","34,557"
356,OTHER DIGESTIVE SYSTEM O.R. PROCEDURES W MCC,36,"4,748,729","131,909"
357,OTHER DIGESTIVE SYSTEM O.R. PROCEDURES W CC,19,"1,395,113","73,427"
358,OTHER DIGESTIVE SYSTEM O.R. PROCEDURES W/O CC/MCC,7,"292,020","41,717"
368,MAJOR ESOPHAGEAL DISORDERS W MCC,7,"515,077","73,582"
369,MAJOR ESOPHAGEAL DISORDERS W CC,10,"390,702","39,070"
370,MAJOR ESOPHAGEAL DISORDERS W/O CC/MCC,2,"28,632","14,316"
371,MAJOR GASTROINTESTINAL DISORDERS  PERITONEAL INFECTIONS W MCC,19,"1,271,961","66,945"
372,MAJOR GASTROINTESTINAL DISORDERS  PERITONEAL INFECTIONS W CC,50,"1,609,556","32,191"
373,MAJOR GASTROINTESTINAL DISORDERS  PERITONEAL INFECTIONS W/O CC/MCC,31,"798,233","25,749"
374,DIGESTIVE MALIGNANCY W MCC,36,"2,054,950","57,082"
375,DIGESTIVE MALIGNANCY W CC,50,"1,936,364","38,727"
376,DIGESTIVE MALIGNANCY W/O CC/MCC,5,"140,944","28,189"
377,G.I. HEMORRHAGE W MCC,93,"5,587,738","60,083"
378,G.I. HEMORRHAGE W CC,264,"9,512,489","36,032"
379,G.I. HEMORRHAGE W/O CC/MCC,76,"1,717,385","22,597"
380,COMPLICATED PEPTIC ULCER W MCC,11,"566,308","51,483"
381,COMPLICATED PEPTIC ULCER W CC,12,"402,880","33,573"
382,COMPLICATED PEPTIC ULCER W/O CC/MCC,2,"47,606","23,803"
383,UNCOMPLICATED PEPTIC ULCER W MCC,3,"101,941","33,980"
384,UNCOMPLICATED PEPTIC ULCER W/O MCC,10,"237,458","23,746"
385,INFLAMMATORY BOWEL DISEASE W MCC,26,"1,688,613","64,947"
386,INFLAMMATORY BOWEL DISEASE W CC,55,"2,050,455","37,281"
387,INFLAMMATORY BOWEL DISEASE W/O CC/MCC,28,"703,202","25,114"
388,G.I. OBSTRUCTION W MCC,44,"2,900,157","65,913"
389,G.I. OBSTRUCTION W CC,138,"4,526,520","32,801"
390,G.I. OBSTRUCTION W/O CC/MCC,154,"3,575,688","23,219"
391,ESOPHAGITIS GASTROENT  MISC DIGEST DISORDERS W MCC,103,"5,056,500","49,092"
392,ESOPHAGITIS GASTROENT  MISC DIGEST DISORDERS W/O MCC,694,"16,875,290","24,316"
393,OTHER DIGESTIVE SYSTEM DIAGNOSES W MCC,50,"2,774,002","55,480"
394,OTHER DIGESTIVE SYSTEM DIAGNOSES W CC,98,"3,370,353","34,391"
395,OTHER DIGESTIVE SYSTEM DIAGNOSES W/O CC/MCC,52,"1,145,789","22,034"
405,PANCREAS LIVER  SHUNT PROCEDURES W MCC,5,"800,404","160,081"
406,PANCREAS LIVER  SHUNT PROCEDURES W CC,8,"885,053","110,632"
407,PANCREAS LIVER  SHUNT PROCEDURES W/O CC/MCC,3,"155,885","51,962"
409,BILIARY TRACT PROC EXCEPT ONLY CHOLECYST W OR W/O C.D.E. W CC,2,"151,498","75,749"
410,BILIARY TRACT PROC EXCEPT ONLY CHOLECYST W OR W/O C.D.E. W/O CC/MCC,1,"79,749","79,749"
414,CHOLECYSTECTOMY EXCEPT BY LAPAROSCOPE W/O C.D.E. W MCC,5,"412,667","82,533"
415,CHOLECYSTECTOMY EXCEPT BY LAPAROSCOPE W/O C.D.E. W CC,8,"452,144","56,518"
416,CHOLECYSTECTOMY EXCEPT BY LAPAROSCOPE W/O C.D.E. W/O CC/MCC,6,"200,899","33,483"
417,LAPAROSCOPIC CHOLECYSTECTOMY W/O C.D.E. W MCC,28,"1,731,625","61,844"
418,LAPAROSCOPIC CHOLECYSTECTOMY W/O C.D.E. W CC,85,"3,444,887","40,528"
419,LAPAROSCOPIC CHOLECYSTECTOMY W/O C.D.E. W/O CC/MCC,219,"7,029,575","32,099"
420,HEPATOBILIARY DIAGNOSTIC PROCEDURES W MCC,2,"185,363","92,682"
421,HEPATOBILIARY DIAGNOSTIC PROCEDURES W CC,3,"178,103","59,368"
423,OTHER HEPATOBILIARY OR PANCREAS O.R. PROCEDURES W MCC,4,"398,833","99,708"
424,OTHER HEPATOBILIARY OR PANCREAS O.R. PROCEDURES W CC,1,"40,845","40,845"
425,OTHER HEPATOBILIARY OR PANCREAS O.R. PROCEDURES W/O CC/MCC,1,"42,343","42,343"
432,CIRRHOSIS  ALCOHOLIC HEPATITIS W MCC,32,"1,958,265","61,196"
433,CIRRHOSIS  ALCOHOLIC HEPATITIS W CC,59,"1,825,215","30,936"
434,CIRRHOSIS  ALCOHOLIC HEPATITIS W/O CC/MCC,6,"157,213","26,202"
435,MALIGNANCY OF HEPATOBILIARY SYSTEM OR PANCREAS W MCC,42,"2,596,724","61,827"
436,MALIGNANCY OF HEPATOBILIARY SYSTEM OR PANCREAS W CC,34,"1,717,518","50,515"
437,MALIGNANCY OF HEPATOBILIARY SYSTEM OR PANCREAS W/O CC/MCC,3,"87,035","29,012"
438,DISORDERS OF PANCREAS EXCEPT MALIGNANCY W MCC,26,"1,372,852","52,802"
439,DISORDERS OF PANCREAS EXCEPT MALIGNANCY W CC,86,"2,862,838","33,289"
440,DISORDERS OF PANCREAS EXCEPT MALIGNANCY W/O CC/MCC,55,"1,085,939","19,744"
441,DISORDERS OF LIVER EXCEPT MALIGCIRRALC HEPA W MCC,22,"1,513,910","68,814"
442,DISORDERS OF LIVER EXCEPT MALIGCIRRALC HEPA W CC,24,"772,613","32,192"
443,DISORDERS OF LIVER EXCEPT MALIGCIRRALC HEPA W/O CC/MCC,12,"280,336","23,361"
444,DISORDERS OF THE BILIARY TRACT W MCC,31,"1,699,058","54,808"
445,DISORDERS OF THE BILIARY TRACT W CC,51,"1,916,253","37,574"
446,DISORDERS OF THE BILIARY TRACT W/O CC/MCC,40,"1,085,737","27,143"
454,COMBINED ANTERIOR/POSTERIOR SPINAL FUSION W CC,2,"292,660","146,330"
455,COMBINED ANTERIOR/POSTERIOR SPINAL FUSION W/O CC/MCC,3,"242,914","80,971"
457,SPINAL FUS EXC CERV W SPINAL CURV/MALIG/INFEC OR EXT FUS W CC,7,"955,194","136,456"
458,SPINAL FUS EXC CERV W SPINAL CURV/MALIG/INFEC OR EXT FUS W/O CC/MCC,6,"399,388","66,565"
459,SPINAL FUSION EXCEPT CERVICAL W MCC,5,"954,175","190,835"
460,SPINAL FUSION EXCEPT CERVICAL W/O MCC,189,"12,134,836","64,205"
461, BILATERAL OR MULTIPLE MAJOR JOINT PROCS OF LOWER EXTREMITY W MCC,1,"74,392","74,392"
462,BILATERAL OR MULTIPLE MAJOR JOINT PROCS OF LOWER EXTREMITY W/O MCC,50,"3,073,633","61,473"
463,WND DEBRID  SKN GRFT EXC HAND FOR MUSCULO-CONN TISS DIS W MCC,6,"681,837","113,640"
464,WND DEBRID  SKN GRFT EXC HAND FOR MUSCULO-CONN TISS DIS W CC,11,"876,424","79,675"
465,WND DEBRID  SKN GRFT EXC HAND FOR MUSCULO-CONN TISS DIS W/O CC/MCC,6,"426,774","71,129"
466,REVISION OF HIP OR KNEE REPLACEMENT W MCC,6,"947,277","157,880"
467,REVISION OF HIP OR KNEE REPLACEMENT W CC,23,"1,877,829","81,645"
468,REVISION OF HIP OR KNEE REPLACEMENT W/O CC/MCC,22,"1,337,434","60,792"
469,MAJOR HIP AND KNEE JOINT REPLACEMENT OR REATTACHMENT OF LOWER EXTREMITY W MCC OR TOTAL ANKLE REPLACEMENT,36,"3,285,990","91,277"
470,MAJOR HIP AND KNEE JOINT REPLACEMENT OR REATTACHMENT OF LOWER EXTREMITY W/O MCC,928,"37,941,170","40,885"
471,CERVICAL SPINAL FUSION W MCC,2,"177,441","88,720"
472,CERVICAL SPINAL FUSION W CC,35,"2,295,312","65,580"
473,CERVICAL SPINAL FUSION W/O CC/MCC,44,"1,886,895","42,884"
474,AMPUTATION FOR MUSCULOSKELETAL SYS  CONN TISSUE DIS W MCC,3,"365,004","121,668"
475,AMPUTATION FOR MUSCULOSKELETAL SYS  CONN TISSUE DIS W CC,6,"451,449","75,242"
477,BIOPSIES OF MUSCULOSKELETAL SYSTEM  CONNECTIVE TISSUE W MCC,13,"1,621,419","124,725"
478,BIOPSIES OF MUSCULOSKELETAL SYSTEM  CONNECTIVE TISSUE W CC,11,"844,083","76,735"
479,BIOPSIES OF MUSCULOSKELETAL SYSTEM  CONNECTIVE TISSUE W/O CC/MCC,7,"311,420","44,489"
480,HIP  FEMUR PROCEDURES EXCEPT MAJOR JOINT W MCC,39,"3,548,906","90,998"
481,HIP  FEMUR PROCEDURES EXCEPT MAJOR JOINT W CC,182,"11,408,833","62,686"
482,HIP  FEMUR PROCEDURES EXCEPT MAJOR JOINT W/O CC/MCC,40,"1,985,218","49,630"
483,MAJOR JOINT/LIMB REATTACHMENT PROCEDURE OF UPPER EXTREMITIES,40,"2,060,403","51,510"
485,KNEE PROCEDURES W PDX OF INFECTION W MCC,2,"282,352","141,176"
486,KNEE PROCEDURES W PDX OF INFECTION W CC,6,"332,226","55,371"
488,KNEE PROCEDURES W/O PDX OF INFECTION W CC/MCC,7,"561,920","80,274"
489,KNEE PROCEDURES W/O PDX OF INFECTION W/O CC/MCC,4,"156,625","39,156"
492,LOWER EXTREM  HUMER PROC EXCEPT HIPFOOTFEMUR W MCC,16,"1,535,862","95,991"
493,LOWER EXTREM  HUMER PROC EXCEPT HIPFOOTFEMUR W CC,48,"4,086,585","85,137"
494,LOWER EXTREM  HUMER PROC EXCEPT HIPFOOTFEMUR W/O CC/MCC,46,"2,613,502","56,815"
495,LOCAL EXCISION  REMOVAL INT FIX DEVICES EXC HIP  FEMUR W MCC,1,"139,556","139,556"
497,LOCAL EXCISION  REMOVAL INT FIX DEVICES EXC HIP  FEMUR W/O CC/MCC,1,"14,972","14,972"
498,LOCAL EXCISION  REMOVAL INT FIX DEVICES OF HIP  FEMUR W CC/MCC,4,"338,637","84,659"
499,LOCAL EXCISION  REMOVAL INT FIX DEVICES OF HIP  FEMUR W/O CC/MCC,1,"55,034","55,034"
500,SOFT TISSUE PROCEDURES W MCC,7,"522,776","74,682"
501,SOFT TISSUE PROCEDURES W CC,20,"1,004,091","50,205"
502,SOFT TISSUE PROCEDURES W/O CC/MCC,7,"250,028","35,718"
503,FOOT PROCEDURES W MCC,5,"490,922","98,184"
504,FOOT PROCEDURES W CC,8,"359,816","44,977"
505,FOOT PROCEDURES W/O CC/MCC,6,"338,557","56,426"
506,MAJOR THUMB OR JOINT PROCEDURES,1,"64,936","64,936"
507,MAJOR SHOULDER OR ELBOW JOINT PROCEDURES W CC/MCC,1,"52,944","52,944"
510,SHOULDERELBOW OR FOREARM PROCEXC MAJOR JOINT PROC W MCC,1,"130,938","130,938"
511,SHOULDERELBOW OR FOREARM PROCEXC MAJOR JOINT PROC W CC,5,"339,870","67,974"
512,SHOULDERELBOW OR FOREARM PROCEXC MAJOR JOINT PROC W/O CC/MCC,2,"85,041","42,521"
513,HAND OR WRIST PROC EXCEPT MAJOR THUMB OR JOINT PROC W CC/MCC,4,"151,030","37,758"
514,HAND OR WRIST PROC EXCEPT MAJOR THUMB OR JOINT PROC W/O CC/MCC,3,"133,068","44,356"
515,OTHER MUSCULOSKELET SYS  CONN TISS O.R. PROC W MCC,6,"785,288","130,881"
516,OTHER MUSCULOSKELET SYS  CONN TISS O.R. PROC W CC,22,"1,635,936","74,361"
517,OTHER MUSCULOSKELET SYS  CONN TISS O.R. PROC W/O CC/MCC,32,"1,381,933","43,185"
518,BACK  NECK PROC EXC SPINAL FUSION W MCC OR DISC DEVICE/NEUROSTIM,4,"264,612","66,153"
519,BACK  NECK PROC EXC SPINAL FUSION W CC,12,"659,800","54,983"
520,BACK  NECK PROC EXC SPINAL FUSION W/O CC/MCC,19,"722,679","38,036"
533,FRACTURES OF FEMUR W MCC,4,"233,132","58,283"
534,FRACTURES OF FEMUR W/O MCC,3,"106,628","35,543"
535,FRACTURES OF HIP  PELVIS W MCC,19,"831,758","43,777"
536,FRACTURES OF HIP  PELVIS W/O MCC,75,"2,244,034","29,920"
537,SPRAINS STRAINS  DISLOCATIONS OF HIP PELVIS  THIGH W CC/MCC,1,"19,403","19,403"
538," SPRAINS, STRAINS, & DISLOCATIONS OF HIP, PELVIS & THIGH W/O CC/MCC",4,"134,156","33,539"
539,OSTEOMYELITIS W MCC,10,"333,272","33,327"
540,OSTEOMYELITIS W CC,4,"87,667","21,917"
541,OSTEOMYELITIS W/O CC/MCC,5,"88,298","17,660"
542,PATHOLOGICAL FRACTURES  MUSCULOSKELET  CONN TISS MALIG W MCC,16,"1,308,732","81,796"
543,PATHOLOGICAL FRACTURES  MUSCULOSKELET  CONN TISS MALIG W CC,29,"1,573,759","54,268"
544,PATHOLOGICAL FRACTURES  MUSCULOSKELET  CONN TISS MALIG W/O CC/MCC,14,"329,085","23,506"
545,CONNECTIVE TISSUE DISORDERS W MCC,12,"586,642","48,887"
546,CONNECTIVE TISSUE DISORDERS W CC,27,"807,703","29,915"
547,CONNECTIVE TISSUE DISORDERS W/O CC/MCC,17,"370,308","21,783"
549,SEPTIC ARTHRITIS W CC,3,"116,828","38,943"
550,SEPTIC ARTHRITIS W/O CC/MCC,5,"199,934","39,987"
551,MEDICAL BACK PROBLEMS W MCC,45,"2,458,305","54,629"
552,MEDICAL BACK PROBLEMS W/O MCC,214,"6,854,486","32,030"
553,BONE DISEASES  ARTHROPATHIES W MCC,8,"226,163","28,270"
554,BONE DISEASES  ARTHROPATHIES W/O MCC,43,"1,071,961","24,929"
555,SIGNS  SYMPTOMS OF MUSCULOSKELETAL SYSTEM  CONN TISSUE W MCC,6,"342,714","57,119"
556,SIGNS  SYMPTOMS OF MUSCULOSKELETAL SYSTEM  CONN TISSUE W/O MCC,28,"749,423","26,765"
557,TENDONITIS MYOSITIS  BURSITIS W MCC,16,"967,757","60,485"
558,TENDONITIS MYOSITIS  BURSITIS W/O MCC,90,"2,511,267","27,903"
559,AFTERCARE MUSCULOSKELETAL SYSTEM  CONNECTIVE TISSUE W MCC,17,"1,509,897","88,817"
560,AFTERCARE MUSCULOSKELETAL SYSTEM  CONNECTIVE TISSUE W CC,55,"4,022,234","73,132"
561,AFTERCARE MUSCULOSKELETAL SYSTEM  CONNECTIVE TISSUE W/O CC/MCC,30,"1,785,270","59,509"
562,FX SPRN STRN  DISL EXCEPT FEMUR HIP PELVIS  THIGH W MCC,12,"471,555","39,296"
563,FX SPRN STRN  DISL EXCEPT FEMUR HIP PELVIS  THIGH W/O MCC,61,"1,994,411","32,695"
564,OTHER MUSCULOSKELETAL SYS  CONNECTIVE TISSUE DIAGNOSES W MCC,11,"440,885","40,080"
565,OTHER MUSCULOSKELETAL SYS  CONNECTIVE TISSUE DIAGNOSES W CC,35,"1,232,065","35,202"
566,OTHER MUSCULOSKELETAL SYS  CONNECTIVE TISSUE DIAGNOSES W/O CC/MCC,13,"312,627","24,048"
570,SKIN DEBRIDEMENT W MCC,8,"718,892","89,862"
571,SKIN DEBRIDEMENT W CC,4,"311,066","77,766"
572,SKIN DEBRIDEMENT W/O CC/MCC,3,"69,141","23,047"
577,SKIN GRAFT EXC FOR SKIN ULCER OR CELLULITIS W CC,3,"240,862","80,287"
578,SKIN GRAFT EXC FOR SKIN ULCER OR CELLULITIS W/O CC/MCC,7,"407,675","58,239"
579,OTHER SKIN SUBCUT TISS  BREAST PROC W MCC,14,"976,708","69,765"
580,OTHER SKIN SUBCUT TISS  BREAST PROC W CC,43,"1,979,911","46,044"
581,OTHER SKIN SUBCUT TISS  BREAST PROC W/O CC/MCC,57,"2,585,702","45,363"
582,MASTECTOMY FOR MALIGNANCY W CC/MCC,6,"200,662","33,444"
583,MASTECTOMY FOR MALIGNANCY W/O CC/MCC,6,"281,660","46,943"
584,BREAST BIOPSY LOCAL EXCISION  OTHER BREAST PROCEDURES W CC/MCC,1,"52,916","52,916"
585,BREAST BIOPSY LOCAL EXCISION  OTHER BREAST PROCEDURES W/O CC/MCC,3,"100,007","33,336"
592,SKIN ULCERS W MCC,9,"451,119","50,124"
594,SKIN ULCERS W/O CC/MCC,1,"11,672","11,672"
595,MAJOR SKIN DISORDERS W MCC,1,"33,255","33,255"
596,MAJOR SKIN DISORDERS W/O MCC,12,"227,384","18,949"
597,MALIGNANT BREAST DISORDERS W MCC,5,"226,779","45,356"
598,MALIGNANT BREAST DISORDERS W CC,5,"254,335","50,867"
600,NON-MALIGNANT BREAST DISORDERS W CC/MCC,5,"156,627","31,325"
601,NON-MALIGNANT BREAST DISORDERS W/O CC/MCC,10,"191,280","19,128"
602,CELLULITIS W MCC,44,"1,776,201","40,368"
603,CELLULITIS W/O MCC,420,"8,659,592","20,618"
604,TRAUMA TO THE SKIN SUBCUT TISS  BREAST W MCC,10,"586,686","58,669"
605,TRAUMA TO THE SKIN SUBCUT TISS  BREAST W/O MCC,68,"2,004,722","29,481"
606,MINOR SKIN DISORDERS W MCC,8,"162,108","20,263"
607,MINOR SKIN DISORDERS W/O MCC,31,"612,467","19,757"
614,ADRENAL  PITUITARY PROCEDURES W CC/MCC,6,"492,724","82,121"
615,ADRENAL  PITUITARY PROCEDURES W/O CC/MCC,2,"136,879","68,440"
616,AMPUTAT OF LOWER LIMB FOR ENDOCRINENUTRIT METABOL DIS W MCC,7,"385,963","55,138"
617,AMPUTAT OF LOWER LIMB FOR ENDOCRINENUTRIT METABOL DIS W CC,44,"2,057,171","46,754"
619,O.R. PROCEDURES FOR OBESITY W MCC,5,"280,667","56,133"
620,O.R. PROCEDURES FOR OBESITY W CC,72,"3,673,484","51,021"
621,O.R. PROCEDURES FOR OBESITY W/O CC/MCC,286,"13,390,901","46,821"
622,SKIN GRAFTS  WOUND DEBRID FOR ENDOC NUTRIT  METAB DIS W MCC,1,"153,046","153,046"
623,SKIN GRAFTS  WOUND DEBRID FOR ENDOC NUTRIT  METAB DIS W CC,3,"150,886","50,295"
624,SKIN GRAFTS  WOUND DEBRID FOR ENDOC NUTRIT  METAB DIS W/O CC/MCC,1,"12,902","12,902"
625,THYROID PARATHYROID  THYROGLOSSAL PROCEDURES W MCC,1,"141,991","141,991"
626,THYROID PARATHYROID  THYROGLOSSAL PROCEDURES W CC,7,"390,435","55,776"
627,THYROID PARATHYROID  THYROGLOSSAL PROCEDURES W/O CC/MCC,6,"173,057","28,843"
628,OTHER ENDOCRINE NUTRIT  METAB O.R. PROC W MCC,3,"421,790","140,597"
629,OTHER ENDOCRINE NUTRIT  METAB O.R. PROC W CC,11,"630,760","57,342"
637,DIABETES W MCC,54,"2,114,997","39,167"
638,DIABETES W CC,206,"5,481,578","26,610"
639,DIABETES W/O CC/MCC,58,"1,040,172","17,934"
640,MISC DISORDERS OF NUTRITIONMETABOLISMFLUIDS/ELECTROLYTES W MCC,107,"5,452,158","50,955"
641,MISC DISORDERS OF NUTRITIONMETABOLISMFLUIDS/ELECTROLYTES W/O MCC,216,"4,654,525","21,549"
642,INBORN AND OTHER DISORDERS OF METABOLISM,5,"110,323","22,065"
643,ENDOCRINE DISORDERS W MCC,28,"1,658,597","59,236"
644,ENDOCRINE DISORDERS W CC,36,"1,259,990","35,000"
645,ENDOCRINE DISORDERS W/O CC/MCC,33,"807,468","24,469"
654,MAJOR BLADDER PROCEDURES W CC,1,"37,233","37,233"
656,KIDNEY  URETER PROCEDURES FOR NEOPLASM W MCC,5,"423,394","84,679"
657,KIDNEY  URETER PROCEDURES FOR NEOPLASM W CC,7,"485,299","69,328"
658,KIDNEY  URETER PROCEDURES FOR NEOPLASM W/O CC/MCC,15,"952,365","63,491"
659,KIDNEY  URETER PROCEDURES FOR NON-NEOPLASM W MCC,1,"22,857","22,857"
660,KIDNEY  URETER PROCEDURES FOR NON-NEOPLASM W CC,15,"653,618","43,575"
661,KIDNEY  URETER PROCEDURES FOR NON-NEOPLASM W/O CC/MCC,12,"512,036","42,670"
663,MINOR BLADDER PROCEDURES W CC,2,"88,962","44,481"
668,TRANSURETHRAL PROCEDURES W MCC,6,"685,390","114,232"
669,TRANSURETHRAL PROCEDURES W CC,44,"1,520,681","34,561"
670,TRANSURETHRAL PROCEDURES W/O CC/MCC,9,"232,574","25,842"
671,URETHRAL PROCEDURES W CC/MCC,1,"18,074","18,074"
673,OTHER KIDNEY  URINARY TRACT PROCEDURES W MCC,20,"2,104,327","105,216"
674,OTHER KIDNEY  URINARY TRACT PROCEDURES W CC,11,"588,711","53,519"
682,RENAL FAILURE W MCC,169,"9,949,884","58,875"
683,RENAL FAILURE W CC,303,"8,896,269","29,361"
684,RENAL FAILURE W/O CC/MCC,52,"1,113,159","21,407"
686,KIDNEY  URINARY TRACT NEOPLASMS W MCC,2,"66,245","33,122"
687,KIDNEY  URINARY TRACT NEOPLASMS W CC,4,"141,668","35,417"
688, KIDNEY & URINARY TRACT NEOPLASMS W/O CC/MCC,1,"26,330","26,330"
689,KIDNEY  URINARY TRACT INFECTIONS W MCC,105,"3,770,074","35,905"
690,KIDNEY  URINARY TRACT INFECTIONS W/O MCC,385,"8,631,416","22,419"
693,URINARY STONES W/O ESW LITHOTRIPSY W MCC,3,"99,685","33,228"
694,URINARY STONES W/O ESW LITHOTRIPSY W/O MCC,111,"2,427,612","21,870"
695,KIDNEY  URINARY TRACT SIGNS  SYMPTOMS W MCC,4,"205,948","51,487"
696,KIDNEY  URINARY TRACT SIGNS  SYMPTOMS W/O MCC,31,"543,049","17,518"
697,URETHRAL STRICTURE,2,"49,101","24,550"
698,OTHER KIDNEY  URINARY TRACT DIAGNOSES W MCC,129,"5,590,804","43,340"
699,OTHER KIDNEY  URINARY TRACT DIAGNOSES W CC,105,"3,335,405","31,766"
700,OTHER KIDNEY  URINARY TRACT DIAGNOSES W/O CC/MCC,21,"549,049","26,145"
707,MAJOR MALE PELVIC PROCEDURES W CC/MCC,7,"476,931","68,133"
708,MAJOR MALE PELVIC PROCEDURES W/O CC/MCC,33,"1,858,973","56,333"
710,PENIS PROCEDURES W/O CC/MCC,1,"16,344","16,344"
711,TESTES PROCEDURES W CC/MCC,1,"13,657","13,657"
712,TESTES PROCEDURES W/O CC/MCC,1,"30,398","30,398"
713,TRANSURETHRAL PROSTATECTOMY W CC/MCC,3,"194,342","64,781"
714,TRANSURETHRAL PROSTATECTOMY W/O CC/MCC,1,"55,126","55,126"
715,OTHER MALE REPRODUCTIVE SYSTEM O.R. PROC FOR MALIGNANCY W CC/MCC,3,"188,677","62,892"
716, OTHER MALE REPRODUCTIVE SYSTEM O.R. PROC FOR MALIGNANCY W/O CC/MCC,1,"51,024","51,024"
718, OTHER MALE REPRODUCTIVE SYSTEM O.R. PROC EXC MALIGNANCY W/O CC/MCC,2,"80,825","40,413"
722,MALIGNANCY MALE REPRODUCTIVE SYSTEM W MCC,4,"271,001","67,750"
723,MALIGNANCY MALE REPRODUCTIVE SYSTEM W CC,7,"266,509","38,073"
724," MALIGNANCY, MALE REPRODUCTIVE SYSTEM W/O CC/MCC",1,"44,224","44,224"
726,BENIGN PROSTATIC HYPERTROPHY W/O MCC,3,"61,658","20,553"
727,INFLAMMATION OF THE MALE REPRODUCTIVE SYSTEM W MCC,3,"122,872","40,957"
728,INFLAMMATION OF THE MALE REPRODUCTIVE SYSTEM W/O MCC,21,"488,183","23,247"
729,OTHER MALE REPRODUCTIVE SYSTEM DIAGNOSES W CC/MCC,2,"89,867","44,934"
734,PELVIC EVISCERATION RAD HYSTERECTOMY  RAD VULVECTOMY W CC/MCC,21,"2,532,066","120,575"
735," PELVIC EVISCERATION, RAD HYSTERECTOMY & RAD VULVECTOMY W/O CC/MCC",8,"400,642","50,080"
736,UTERINE  ADNEXA PROC FOR OVARIAN OR ADNEXAL MALIGNANCY W MCC,6,"1,277,826","212,971"
737,UTERINE  ADNEXA PROC FOR OVARIAN OR ADNEXAL MALIGNANCY W CC,30,"2,743,648","91,455"
738,UTERINE  ADNEXA PROC FOR OVARIAN OR ADNEXAL MALIGNANCY W/O CC/MCC,3,"128,423","42,808"
739,UTERINEADNEXA PROC FOR NON-OVARIAN/ADNEXAL MALIG W MCC,4,"534,528","133,632"
740,UTERINEADNEXA PROC FOR NON-OVARIAN/ADNEXAL MALIG W CC,10,"649,536","64,954"
741,UTERINEADNEXA PROC FOR NON-OVARIAN/ADNEXAL MALIG W/O CC/MCC,3,"125,515","41,838"
742,UTERINE  ADNEXA PROC FOR NON-MALIGNANCY W CC/MCC,87,"5,007,655","57,559"
743,UTERINE  ADNEXA PROC FOR NON-MALIGNANCY W/O CC/MCC,96,"3,565,244","37,138"
744,DC CONIZATION LAPAROSCOPY  TUBAL INTERRUPTION W CC/MCC,16,"864,236","54,015"
745,DC CONIZATION LAPAROSCOPY  TUBAL INTERRUPTION W/O CC/MCC,6,"165,994","27,666"
746,VAGINA CERVIX  VULVA PROCEDURES W CC/MCC,11,"509,088","46,281"
747,VAGINA CERVIX  VULVA PROCEDURES W/O CC/MCC,6,"183,978","30,663"
748,FEMALE REPRODUCTIVE SYSTEM RECONSTRUCTIVE PROCEDURES,8,"250,329","31,291"
749,OTHER FEMALE REPRODUCTIVE SYSTEM O.R. PROCEDURES W CC/MCC,7,"614,627","87,804"
750, OTHER FEMALE REPRODUCTIVE SYSTEM O.R. PROCEDURES W/O CC/MCC,3,"116,521","38,840"
754,MALIGNANCY FEMALE REPRODUCTIVE SYSTEM W MCC,7,"883,553","126,222"
755,MALIGNANCY FEMALE REPRODUCTIVE SYSTEM W CC,18,"760,520","42,251"
756,MALIGNANCY FEMALE REPRODUCTIVE SYSTEM W/O CC/MCC,2,"52,875","26,438"
757,INFECTIONS FEMALE REPRODUCTIVE SYSTEM W MCC,1,"53,431","53,431"
758,INFECTIONS FEMALE REPRODUCTIVE SYSTEM W CC,13,"305,118","23,471"
759,INFECTIONS FEMALE REPRODUCTIVE SYSTEM W/O CC/MCC,13,"282,748","21,750"
760,MENSTRUAL  OTHER FEMALE REPRODUCTIVE SYSTEM DISORDERS W CC/MCC,11,"362,466","32,951"
761,MENSTRUAL  OTHER FEMALE REPRODUCTIVE SYSTEM DISORDERS W/O CC/MCC,6,"106,583","17,764"
765,CESAREAN SECTION W CC/MCC,666,"20,217,438","30,357"
766,CESAREAN SECTION W/O CC/MCC,730,"16,425,404","22,501"
767,VAGINAL DELIVERY W STERILIZATION /OR DC,76,"1,928,784","25,379"
768,VAGINAL DELIVERY W O.R. PROC EXCEPT STERIL /OR DC,5,"153,650","30,730"
769,POSTPARTUM  POST ABORTION DIAGNOSES W O.R. PROCEDURE,13,"377,876","29,067"
770,ABORTION W DC ASPIRATION CURETTAGE OR HYSTEROTOMY,12,"314,968","26,247"
774,VAGINAL DELIVERY W COMPLICATING DIAGNOSES,532,"10,116,991","19,017"
775,VAGINAL DELIVERY W/O COMPLICATING DIAGNOSES,"2,407","39,126,087","16,255"
776,POSTPARTUM  POST ABORTION DIAGNOSES W/O O.R. PROCEDURE,86,"1,535,811","17,858"
777,ECTOPIC PREGNANCY,18,"613,658","34,092"
778,THREATENED ABORTION,24,"350,846","14,619"
779,ABORTION W/O DC,3,"39,645","13,215"
780,FALSE LABOR,4,"27,571","6,893"
781,OTHER ANTEPARTUM DIAGNOSES W MEDICAL COMPLICATIONS,118,"2,481,123","21,026"
782,OTHER ANTEPARTUM DIAGNOSES W/O MEDICAL COMPLICATIONS,18,"453,800","25,211"
789,NEONATES DIED OR TRANSFERRED TO ANOTHER ACUTE CARE FACILITY,32,"10,371,842","324,120"
790,EXTREME IMMATURITY OR RESPIRATORY DISTRESS SYNDROME NEONATE,108,"36,041,825","333,721"
791,PREMATURITY W MAJOR PROBLEMS,101,"12,395,073","122,723"
792,PREMATURITY W/O MAJOR PROBLEMS,70,"4,597,094","65,673"
793,FULL TERM NEONATE W MAJOR PROBLEMS,128,"6,238,053","48,735"
794,NEONATE W OTHER SIGNIFICANT PROBLEMS,165,"2,540,930","15,400"
795,NORMAL NEWBORN,115,"905,903","7,877"
799, SPLENECTOMY W MCC,2,"167,501","83,751"
801,SPLENECTOMY W/O CC/MCC,1,"38,269","38,269"
802,OTHER O.R. PROC OF THE BLOOD  BLOOD FORMING ORGANS W MCC,2,"75,037","37,518"
803,OTHER O.R. PROC OF THE BLOOD  BLOOD FORMING ORGANS W CC,5,"335,513","67,103"
804,OTHER O.R. PROC OF THE BLOOD  BLOOD FORMING ORGANS W/O CC/MCC,2,"55,473","27,736"
808,MAJOR HEMATOL/IMMUN DIAG EXC SICKLE CELL CRISIS  COAGUL W MCC,16,"1,321,125","82,570"
809,MAJOR HEMATOL/IMMUN DIAG EXC SICKLE CELL CRISIS  COAGUL W CC,42,"1,740,375","41,437"
810,MAJOR HEMATOL/IMMUN DIAG EXC SICKLE CELL CRISIS  COAGUL W/O CC/MCC,12,"223,169","18,597"
811,RED BLOOD CELL DISORDERS W MCC,71,"3,346,569","47,135"
812,RED BLOOD CELL DISORDERS W/O MCC,244,"6,248,222","25,607"
813,COAGULATION DISORDERS,47,"3,478,647","74,014"
814,RETICULOENDOTHELIAL  IMMUNITY DISORDERS W MCC,5,"283,735","56,747"
815,RETICULOENDOTHELIAL  IMMUNITY DISORDERS W CC,18,"511,249","28,403"
816,RETICULOENDOTHELIAL  IMMUNITY DISORDERS W/O CC/MCC,8,"182,610","22,826"
820,LYMPHOMA  LEUKEMIA W MAJOR O.R. PROCEDURE W MCC,4,"1,082,510","270,628"
821,LYMPHOMA  LEUKEMIA W MAJOR O.R. PROCEDURE W CC,2,"113,030","56,515"
822,LYMPHOMA  LEUKEMIA W MAJOR O.R. PROCEDURE W/O CC/MCC,3,"118,903","39,634"
823,LYMPHOMA  NON-ACUTE LEUKEMIA W OTHER PROC W MCC,4,"566,943","141,736"
824,LYMPHOMA  NON-ACUTE LEUKEMIA W OTHER PROC W CC,8,"675,526","84,441"
825,LYMPHOMA  NON-ACUTE LEUKEMIA W OTHER PROC W/O CC/MCC,3,"105,838","35,279"
826,MYELOPROLIF DISORD OR POORLY DIFF NEOPL W MAJ O.R. PROC W MCC,2,"265,296","132,648"
827,MYELOPROLIF DISORD OR POORLY DIFF NEOPL W MAJ O.R. PROC W CC,2,"78,106","39,053"
829,MYELOPROLIFERATIVE DISORDERS OR POORLY DIFFERENTIATED NEOPLASMS W OTHER PROCEDURE W CC/MCC,4,"345,204","86,301"
830,MYELOPROLIFERATIVE DISORDERS OR POORLY DIFFERENTIATED NEOPLASMS W OTHER PROCEDURE W/O CC/MCC,3,"97,440","32,480"
834,ACUTE LEUKEMIA W/O MAJOR O.R. PROCEDURE W MCC,6,"329,878","54,980"
835,ACUTE LEUKEMIA W/O MAJOR O.R. PROCEDURE W CC,4,"370,033","92,508"
836,ACUTE LEUKEMIA W/O MAJOR O.R. PROCEDURE W/O CC/MCC,1,"8,396","8,396"
840,LYMPHOMA  NON-ACUTE LEUKEMIA W MCC,22,"1,809,810","82,264"
841,LYMPHOMA  NON-ACUTE LEUKEMIA W CC,21,"1,144,553","54,503"
842,LYMPHOMA  NON-ACUTE LEUKEMIA W/O CC/MCC,3,"82,882","27,627"
843,OTHER MYELOPROLIF DIS OR POORLY DIFF NEOPL DIAG W MCC,4,"719,715","179,929"
844,OTHER MYELOPROLIF DIS OR POORLY DIFF NEOPL DIAG W CC,11,"601,678","54,698"
845,OTHER MYELOPROLIF DIS OR POORLY DIFF NEOPL DIAG W/O CC/MCC,1,"8,916","8,916"
846,CHEMOTHERAPY W/O ACUTE LEUKEMIA AS SECONDARY DIAGNOSIS W MCC,3,"274,524","91,508"
847,CHEMOTHERAPY W/O ACUTE LEUKEMIA AS SECONDARY DIAGNOSIS W CC,52,"2,043,548","39,299"
848,CHEMOTHERAPY W/O ACUTE LEUKEMIA AS SECONDARY DIAGNOSIS W/O CC/MCC,10,"169,253","16,925"
853,INFECTIOUS  PARASITIC DISEASES W O.R. PROCEDURE W MCC,139,"22,430,854","161,373"
854,INFECTIOUS  PARASITIC DISEASES W O.R. PROCEDURE W CC,24,"2,064,479","86,020"
855,INFECTIOUS  PARASITIC DISEASES W O.R. PROCEDURE W/O CC/MCC,4,"205,576","51,394"
856,POSTOPERATIVE OR POST-TRAUMATIC INFECTIONS W O.R. PROC W MCC,34,"3,804,586","111,900"
857,POSTOPERATIVE OR POST-TRAUMATIC INFECTIONS W O.R. PROC W CC,23,"863,248","37,533"
858,POSTOPERATIVE OR POST-TRAUMATIC INFECTIONS W O.R. PROC W/O CC/MCC,8,"209,469","26,184"
862,POSTOPERATIVE  POST-TRAUMATIC INFECTIONS W MCC,44,"2,403,318","54,621"
863,POSTOPERATIVE  POST-TRAUMATIC INFECTIONS W/O MCC,55,"1,210,559","22,010"
864,FEVER AND INFLAMMATORY CONDITIONS,66,"1,784,658","27,040"
865,VIRAL ILLNESS W MCC,9,"291,340","32,371"
866,VIRAL ILLNESS W/O MCC,55,"1,324,169","24,076"
867,OTHER INFECTIOUS  PARASITIC DISEASES DIAGNOSES W MCC,7,"427,218","61,031"
868,OTHER INFECTIOUS  PARASITIC DISEASES DIAGNOSES W CC,12,"396,708","33,059"
869,OTHER INFECTIOUS  PARASITIC DISEASES DIAGNOSES W/O CC/MCC,10,"144,989","14,499"
870,SEPTICEMIA OR SEVERE SEPSIS W MV >96 HOURS OR PERIPHERAL EXTRACORPOREAL MEMBRANE OXYGENATION (ECMO),79,"16,422,035","207,874"
871,SEPTICEMIA OR SEVERE SEPSIS W/O MV >96 HOURS W MCC,923,"58,731,685","63,631"
872,SEPTICEMIA OR SEVERE SEPSIS W/O MV >96 HOURS W/O MCC,335,"11,694,620","34,909"
876,O.R. PROCEDURE W PRINCIPAL DIAGNOSES OF MENTAL ILLNESS,4,"386,151","96,538"
880,ACUTE ADJUSTMENT REACTION  PSYCHOSOCIAL DYSFUNCTION,34,"995,793","29,288"
881,DEPRESSIVE NEUROSES,41,"1,397,295","34,080"
882,NEUROSES EXCEPT DEPRESSIVE,7,"218,831","31,262"
883,DISORDERS OF PERSONALITY  IMPULSE CONTROL,3,"37,791","12,597"
884,ORGANIC DISTURBANCES  INTELLECTUAL DISABILITY,43,"1,518,168","35,306"
885,PSYCHOSES,382,"14,774,964","38,678"
886, BEHAVIORAL & DEVELOPMENTAL DISORDERS,7,"651,758","93,108"
887,OTHER MENTAL DISORDER DIAGNOSES,1,"180,892","180,892"
894,ALCOHOL/DRUG ABUSE OR DEPENDENCE LEFT AMA,17,"313,105","18,418"
896,ALCOHOL/DRUG ABUSE OR DEPENDENCE W/O REHABILITATION THERAPY W MCC,38,"1,816,530","47,803"
897,ALCOHOL/DRUG ABUSE OR DEPENDENCE W/O REHABILITATION THERAPY W/O MCC,184,"4,218,962","22,929"
901,WOUND DEBRIDEMENTS FOR INJURIES W MCC,2,"661,234","330,617"
902,WOUND DEBRIDEMENTS FOR INJURIES W CC,8,"274,187","34,273"
903,WOUND DEBRIDEMENTS FOR INJURIES W/O CC/MCC,2,"66,536","33,268"
905,SKIN GRAFTS FOR INJURIES W/O CC/MCC,1,"32,005","32,005"
906,HAND PROCEDURES FOR INJURIES,2,"185,555","92,777"
907,OTHER O.R. PROCEDURES FOR INJURIES W MCC,22,"3,374,598","153,391"
908,OTHER O.R. PROCEDURES FOR INJURIES W CC,20,"756,475","37,824"
909,OTHER O.R. PROCEDURES FOR INJURIES W/O CC/MCC,9,"297,909","33,101"
913,TRAUMATIC INJURY W MCC,2,"122,882","61,441"
914,TRAUMATIC INJURY W/O MCC,10,"305,826","30,583"
915,ALLERGIC REACTIONS W MCC,9,"314,160","34,907"
916,ALLERGIC REACTIONS W/O MCC,33,"520,897","15,785"
917,POISONING  TOXIC EFFECTS OF DRUGS W MCC,64,"3,958,718","61,855"
918,POISONING  TOXIC EFFECTS OF DRUGS W/O MCC,97,"2,472,730","25,492"
919,COMPLICATIONS OF TREATMENT W MCC,28,"1,922,858","68,673"
920,COMPLICATIONS OF TREATMENT W CC,36,"1,154,430","32,068"
921,COMPLICATIONS OF TREATMENT W/O CC/MCC,13,"249,624","19,202"
922,OTHER INJURY POISONING  TOXIC EFFECT DIAG W MCC,5,"335,136","67,027"
923,OTHER INJURY POISONING  TOXIC EFFECT DIAG W/O MCC,4,"84,231","21,058"
939,O.R. PROC W DIAGNOSES OF OTHER CONTACT W HEALTH SERVICES W MCC,3,"207,153","69,051"
940,O.R. PROC W DIAGNOSES OF OTHER CONTACT W HEALTH SERVICES W CC,5,"353,341","70,668"
941,O.R. PROC W DIAGNOSES OF OTHER CONTACT W HEALTH SERVICES W/O CC/MCC,3,"193,687","64,562"
945,REHABILITATION W CC/MCC,17,"1,400,429","82,378"
946,REHABILITATION W/O CC/MCC,6,"530,022","88,337"
947,SIGNS  SYMPTOMS W MCC,27,"1,099,988","40,740"
948,SIGNS  SYMPTOMS W/O MCC,109,"3,552,858","32,595"
949,AFTERCARE W CC/MCC,41,"3,623,708","88,383"
950,AFTERCARE W/O CC/MCC,5,"279,511","55,902"
951,OTHER FACTORS INFLUENCING HEALTH STATUS,3,"53,013","17,671"
955,CRANIOTOMY FOR MULTIPLE SIGNIFICANT TRAUMA,2,"268,121","134,060"
956,LIMB REATTACHMENT HIP  FEMUR PROC FOR MULTIPLE SIGNIFICANT TRAUMA,19,"2,279,804","119,990"
957,OTHER O.R. PROCEDURES FOR MULTIPLE SIGNIFICANT TRAUMA W MCC,10,"2,410,604","241,060"
958,OTHER O.R. PROCEDURES FOR MULTIPLE SIGNIFICANT TRAUMA W CC,9,"761,032","84,559"
959,OTHER O.R. PROCEDURES FOR MULTIPLE SIGNIFICANT TRAUMA W/O CC/MCC,5,"366,771","73,354"
963,OTHER MULTIPLE SIGNIFICANT TRAUMA W MCC,10,"1,012,785","101,279"
964,OTHER MULTIPLE SIGNIFICANT TRAUMA W CC,21,"1,033,075","49,194"
965,OTHER MULTIPLE SIGNIFICANT TRAUMA W/O CC/MCC,8,"274,413","34,302"
969,HIV W EXTENSIVE O.R. PROCEDURE W MCC,1,"448,395","448,395"
974,HIV W MAJOR RELATED CONDITION W MCC,13,"1,855,308","142,716"
975,HIV W MAJOR RELATED CONDITION W CC,7,"260,339","37,191"
976,HIV W MAJOR RELATED CONDITION W/O CC/MCC,1,"36,265","36,265"
977,HIV W OR W/O OTHER RELATED CONDITION,2,"38,319","19,159"
981,EXTENSIVE O.R. PROCEDURE UNRELATED TO PRINCIPAL DIAGNOSIS W MCC,74,"11,312,283","152,869"
982,EXTENSIVE O.R. PROCEDURE UNRELATED TO PRINCIPAL DIAGNOSIS W CC,44,"3,620,725","82,289"
983,EXTENSIVE O.R. PROCEDURE UNRELATED TO PRINCIPAL DIAGNOSIS W/O CC/MCC,20,"866,105","43,305"
986, PROSTATIC O.R. PROCEDURE UNRELATED TO PRINCIPAL DIAGNOSIS W/O CC/MCC,1,"22,027","22,027"
987,NON-EXTENSIVE O.R. PROC UNRELATED TO PRINCIPAL DIAGNOSIS W MCC,28,"3,771,068","134,681"
988,NON-EXTENSIVE O.R. PROC UNRELATED TO PRINCIPAL DIAGNOSIS W CC,23,"979,846","42,602"
989,NON-EXTENSIVE O.R. PROC UNRELATED TO PRINCIPAL DIAGNOSIS W/O CC/MCC,4,"109,888","27,472"
*Not Specified , ,14,"70,463","5,033"
Total,,"30,346","1,461,192,864","48,151"
